Sr.No,RollNo,Name,Marks1,Marks2,Marks3,Total,Percentage
1,100,Ganesh,50,60,70,180,60
2,200,Manish,60,70,55,185,61.66666667
3,300,Nilesh,66,77,88,231,77
4,500,Siddhi,77,56,87,220,73.33333333
5,600,Kunal,80,90,78,248,82.66666667
6,700,Mrunal,90,90,70,250,83.33333333
